,id,date,store_nbr,family,sales,onpromotion
2596374,2596374,2017-01-01,1,AUTOMOTIVE,0.0,0
2596375,2596375,2017-01-01,1,BABY CARE,0.0,0
2596376,2596376,2017-01-01,1,BEAUTY,0.0,0
2596377,2596377,2017-01-01,1,BEVERAGES,0.0,0
2596378,2596378,2017-01-01,1,BOOKS,0.0,0
2598156,2598156,2017-01-02,1,AUTOMOTIVE,5.0,0
2598157,2598157,2017-01-02,1,BABY CARE,0.0,0
2598158,2598158,2017-01-02,1,BEAUTY,0.0,0
2598159,2598159,2017-01-02,1,BEVERAGES,1434.0,31
2598160,2598160,2017-01-02,1,BOOKS,0.0,0
2599938,2599938,2017-01-03,1,AUTOMOTIVE,4.0,0
2599939,2599939,2017-01-03,1,BABY CARE,0.0,0
2599940,2599940,2017-01-03,1,BEAUTY,4.0,1
2599941,2599941,2017-01-03,1,BEVERAGES,3081.0,42
2599942,2599942,2017-01-03,1,BOOKS,2.0,0
2601720,2601720,2017-01-04,1,AUTOMOTIVE,1.0,0
2601721,2601721,2017-01-04,1,BABY CARE,0.0,0
2601722,2601722,2017-01-04,1,BEAUTY,4.0,1
2601723,2601723,2017-01-04,1,BEVERAGES,3039.0,54
2601724,2601724,2017-01-04,1,BOOKS,2.0,0
2603502,2603502,2017-01-05,1,AUTOMOTIVE,2.0,0
2603503,2603503,2017-01-05,1,BABY CARE,0.0,0
2603504,2603504,2017-01-05,1,BEAUTY,3.0,2
2603505,2603505,2017-01-05,1,BEVERAGES,2617.0,32
2603506,2603506,2017-01-05,1,BOOKS,0.0,0
2605284,2605284,2017-01-06,1,AUTOMOTIVE,2.0,0
2605285,2605285,2017-01-06,1,BABY CARE,0.0,0
2605286,2605286,2017-01-06,1,BEAUTY,10.0,2
2605287,2605287,2017-01-06,1,BEVERAGES,2761.0,39
2605288,2605288,2017-01-06,1,BOOKS,0.0,0
2607066,2607066,2017-01-07,1,AUTOMOTIVE,5.0,0
2607067,2607067,2017-01-07,1,BABY CARE,0.0,0
2607068,2607068,2017-01-07,1,BEAUTY,6.0,1
2607069,2607069,2017-01-07,1,BEVERAGES,2503.0,30
2607070,2607070,2017-01-07,1,BOOKS,0.0,0
2608848,2608848,2017-01-08,1,AUTOMOTIVE,0.0,0
2608849,2608849,2017-01-08,1,BABY CARE,0.0,0
2608850,2608850,2017-01-08,1,BEAUTY,1.0,1
2608851,2608851,2017-01-08,1,BEVERAGES,1356.0,32
2608852,2608852,2017-01-08,1,BOOKS,1.0,0
2610630,2610630,2017-01-09,1,AUTOMOTIVE,2.0,0
2610631,2610631,2017-01-09,1,BABY CARE,0.0,0
2610632,2610632,2017-01-09,1,BEAUTY,6.0,2
2610633,2610633,2017-01-09,1,BEVERAGES,4100.0,34
2610634,2610634,2017-01-09,1,BOOKS,0.0,0
2612412,2612412,2017-01-10,1,AUTOMOTIVE,3.0,0
2612413,2612413,2017-01-10,1,BABY CARE,0.0,0
2612414,2612414,2017-01-10,1,BEAUTY,10.0,2
2612415,2612415,2017-01-10,1,BEVERAGES,2370.0,35
2612416,2612416,2017-01-10,1,BOOKS,3.0,0
2614194,2614194,2017-01-11,1,AUTOMOTIVE,10.0,0
2614195,2614195,2017-01-11,1,BABY CARE,0.0,0
2614196,2614196,2017-01-11,1,BEAUTY,5.0,1
2614197,2614197,2017-01-11,1,BEVERAGES,2607.0,35
2614198,2614198,2017-01-11,1,BOOKS,0.0,0
2615976,2615976,2017-01-12,1,AUTOMOTIVE,2.0,0
2615977,2615977,2017-01-12,1,BABY CARE,0.0,0
2615978,2615978,2017-01-12,1,BEAUTY,3.0,1
2615979,2615979,2017-01-12,1,BEVERAGES,2430.0,31
2615980,2615980,2017-01-12,1,BOOKS,2.0,0
2617758,2617758,2017-01-13,1,AUTOMOTIVE,3.0,0
2617759,2617759,2017-01-13,1,BABY CARE,0.0,0
2617760,2617760,2017-01-13,1,BEAUTY,4.0,1
2617761,2617761,2017-01-13,1,BEVERAGES,2784.0,43
2617762,2617762,2017-01-13,1,BOOKS,2.0,0
2619540,2619540,2017-01-14,1,AUTOMOTIVE,2.0,0
2619541,2619541,2017-01-14,1,BABY CARE,0.0,0
2619542,2619542,2017-01-14,1,BEAUTY,3.0,0
2619543,2619543,2017-01-14,1,BEVERAGES,2978.0,41
2619544,2619544,2017-01-14,1,BOOKS,2.0,0
2621322,2621322,2017-01-15,1,AUTOMOTIVE,1.0,0
2621323,2621323,2017-01-15,1,BABY CARE,0.0,0
2621324,2621324,2017-01-15,1,BEAUTY,0.0,0
2621325,2621325,2017-01-15,1,BEVERAGES,1342.0,36
2621326,2621326,2017-01-15,1,BOOKS,0.0,0
2623104,2623104,2017-01-16,1,AUTOMOTIVE,3.0,0
2623105,2623105,2017-01-16,1,BABY CARE,0.0,0
2623106,2623106,2017-01-16,1,BEAUTY,1.0,0
2623107,2623107,2017-01-16,1,BEVERAGES,2609.0,41
2623108,2623108,2017-01-16,1,BOOKS,0.0,0
2624886,2624886,2017-01-17,1,AUTOMOTIVE,2.0,0
2624887,2624887,2017-01-17,1,BABY CARE,0.0,0
2624888,2624888,2017-01-17,1,BEAUTY,5.0,1
2624889,2624889,2017-01-17,1,BEVERAGES,2762.0,41
2624890,2624890,2017-01-17,1,BOOKS,2.0,0
2626668,2626668,2017-01-18,1,AUTOMOTIVE,3.0,0
2626669,2626669,2017-01-18,1,BABY CARE,0.0,0
2626670,2626670,2017-01-18,1,BEAUTY,1.0,0
2626671,2626671,2017-01-18,1,BEVERAGES,2746.0,41
2626672,2626672,2017-01-18,1,BOOKS,1.0,0
2628450,2628450,2017-01-19,1,AUTOMOTIVE,2.0,0
2628451,2628451,2017-01-19,1,BABY CARE,0.0,0
2628452,2628452,2017-01-19,1,BEAUTY,1.0,1
2628453,2628453,2017-01-19,1,BEVERAGES,2399.0,40
2628454,2628454,2017-01-19,1,BOOKS,1.0,0
2630232,2630232,2017-01-20,1,AUTOMOTIVE,2.0,0
2630233,2630233,2017-01-20,1,BABY CARE,0.0,0
2630234,2630234,2017-01-20,1,BEAUTY,2.0,1
2630235,2630235,2017-01-20,1,BEVERAGES,1924.0,39
2630236,2630236,2017-01-20,1,BOOKS,0.0,0
2632014,2632014,2017-01-21,1,AUTOMOTIVE,5.0,0
2632015,2632015,2017-01-21,1,BABY CARE,0.0,0
2632016,2632016,2017-01-21,1,BEAUTY,0.0,0
2632017,2632017,2017-01-21,1,BEVERAGES,2963.0,40
2632018,2632018,2017-01-21,1,BOOKS,1.0,0
2633796,2633796,2017-01-22,1,AUTOMOTIVE,3.0,0
2633797,2633797,2017-01-22,1,BABY CARE,0.0,0
2633798,2633798,2017-01-22,1,BEAUTY,1.0,0
2633799,2633799,2017-01-22,1,BEVERAGES,1083.0,32
2633800,2633800,2017-01-22,1,BOOKS,1.0,0
2635578,2635578,2017-01-23,1,AUTOMOTIVE,4.0,0
2635579,2635579,2017-01-23,1,BABY CARE,0.0,0
2635580,2635580,2017-01-23,1,BEAUTY,9.0,2
2635581,2635581,2017-01-23,1,BEVERAGES,3075.0,39
2635582,2635582,2017-01-23,1,BOOKS,1.0,0
2637360,2637360,2017-01-24,1,AUTOMOTIVE,7.0,0
2637361,2637361,2017-01-24,1,BABY CARE,0.0,0
2637362,2637362,2017-01-24,1,BEAUTY,1.0,0
2637363,2637363,2017-01-24,1,BEVERAGES,2499.0,40
2637364,2637364,2017-01-24,1,BOOKS,0.0,0
2639142,2639142,2017-01-25,1,AUTOMOTIVE,6.0,0
2639143,2639143,2017-01-25,1,BABY CARE,0.0,0
2639144,2639144,2017-01-25,1,BEAUTY,5.0,1
2639145,2639145,2017-01-25,1,BEVERAGES,2498.0,44
2639146,2639146,2017-01-25,1,BOOKS,3.0,0
2640924,2640924,2017-01-26,1,AUTOMOTIVE,12.0,0
2640925,2640925,2017-01-26,1,BABY CARE,0.0,0
2640926,2640926,2017-01-26,1,BEAUTY,3.0,0
2640927,2640927,2017-01-26,1,BEVERAGES,1829.0,26
2640928,2640928,2017-01-26,1,BOOKS,0.0,0
2642706,2642706,2017-01-27,1,AUTOMOTIVE,2.0,0
2642707,2642707,2017-01-27,1,BABY CARE,0.0,0
2642708,2642708,2017-01-27,1,BEAUTY,2.0,1
2642709,2642709,2017-01-27,1,BEVERAGES,2301.0,32
2642710,2642710,2017-01-27,1,BOOKS,1.0,0
2644488,2644488,2017-01-28,1,AUTOMOTIVE,6.0,0
2644489,2644489,2017-01-28,1,BABY CARE,0.0,0
2644490,2644490,2017-01-28,1,BEAUTY,2.0,0
2644491,2644491,2017-01-28,1,BEVERAGES,2662.0,30
2644492,2644492,2017-01-28,1,BOOKS,0.0,0
2646270,2646270,2017-01-29,1,AUTOMOTIVE,0.0,0
2646271,2646271,2017-01-29,1,BABY CARE,0.0,0
2646272,2646272,2017-01-29,1,BEAUTY,3.0,1
2646273,2646273,2017-01-29,1,BEVERAGES,1059.0,16
2646274,2646274,2017-01-29,1,BOOKS,0.0,0
2648052,2648052,2017-01-30,1,AUTOMOTIVE,3.0,0
2648053,2648053,2017-01-30,1,BABY CARE,0.0,0
2648054,2648054,2017-01-30,1,BEAUTY,7.0,1
2648055,2648055,2017-01-30,1,BEVERAGES,1986.0,30
2648056,2648056,2017-01-30,1,BOOKS,0.0,0
2649834,2649834,2017-01-31,1,AUTOMOTIVE,5.0,0
2649835,2649835,2017-01-31,1,BABY CARE,0.0,0
2649836,2649836,2017-01-31,1,BEAUTY,2.0,1
2649837,2649837,2017-01-31,1,BEVERAGES,1965.0,26
2649838,2649838,2017-01-31,1,BOOKS,1.0,0
2651616,2651616,2017-02-01,1,AUTOMOTIVE,7.0,0
2651617,2651617,2017-02-01,1,BABY CARE,0.0,0
2651618,2651618,2017-02-01,1,BEAUTY,7.0,1
2651619,2651619,2017-02-01,1,BEVERAGES,2399.0,28
2651620,2651620,2017-02-01,1,BOOKS,1.0,0
2653398,2653398,2017-02-02,1,AUTOMOTIVE,3.0,0
2653399,2653399,2017-02-02,1,BABY CARE,0.0,0
2653400,2653400,2017-02-02,1,BEAUTY,0.0,0
2653401,2653401,2017-02-02,1,BEVERAGES,2257.0,18
2653402,2653402,2017-02-02,1,BOOKS,0.0,0
2655180,2655180,2017-02-03,1,AUTOMOTIVE,1.0,0
2655181,2655181,2017-02-03,1,BABY CARE,0.0,0
2655182,2655182,2017-02-03,1,BEAUTY,2.0,1
2655183,2655183,2017-02-03,1,BEVERAGES,2236.0,20
2655184,2655184,2017-02-03,1,BOOKS,1.0,0
2656962,2656962,2017-02-04,1,AUTOMOTIVE,4.0,0
2656963,2656963,2017-02-04,1,BABY CARE,0.0,0
2656964,2656964,2017-02-04,1,BEAUTY,7.0,1
2656965,2656965,2017-02-04,1,BEVERAGES,2737.0,24
2656966,2656966,2017-02-04,1,BOOKS,1.0,0
2658744,2658744,2017-02-05,1,AUTOMOTIVE,3.0,0
2658745,2658745,2017-02-05,1,BABY CARE,0.0,0
2658746,2658746,2017-02-05,1,BEAUTY,1.0,0
2658747,2658747,2017-02-05,1,BEVERAGES,1063.0,20
2658748,2658748,2017-02-05,1,BOOKS,1.0,0
2660526,2660526,2017-02-06,1,AUTOMOTIVE,4.0,0
2660527,2660527,2017-02-06,1,BABY CARE,0.0,0
2660528,2660528,2017-02-06,1,BEAUTY,3.0,0
2660529,2660529,2017-02-06,1,BEVERAGES,2238.0,19
2660530,2660530,2017-02-06,1,BOOKS,0.0,0
2662308,2662308,2017-02-07,1,AUTOMOTIVE,2.0,0
2662309,2662309,2017-02-07,1,BABY CARE,0.0,0
2662310,2662310,2017-02-07,1,BEAUTY,2.0,0
2662311,2662311,2017-02-07,1,BEVERAGES,2169.0,23
2662312,2662312,2017-02-07,1,BOOKS,2.0,0
2664090,2664090,2017-02-08,1,AUTOMOTIVE,6.0,0
2664091,2664091,2017-02-08,1,BABY CARE,0.0,0
2664092,2664092,2017-02-08,1,BEAUTY,4.0,0
2664093,2664093,2017-02-08,1,BEVERAGES,2523.0,32
2664094,2664094,2017-02-08,1,BOOKS,2.0,0
2665872,2665872,2017-02-09,1,AUTOMOTIVE,5.0,0
2665873,2665873,2017-02-09,1,BABY CARE,0.0,0
2665874,2665874,2017-02-09,1,BEAUTY,8.0,1
2665875,2665875,2017-02-09,1,BEVERAGES,2112.0,12
2665876,2665876,2017-02-09,1,BOOKS,2.0,0
2667654,2667654,2017-02-10,1,AUTOMOTIVE,3.0,0
2667655,2667655,2017-02-10,1,BABY CARE,0.0,0
2667656,2667656,2017-02-10,1,BEAUTY,1.0,0
2667657,2667657,2017-02-10,1,BEVERAGES,2466.0,11
2667658,2667658,2017-02-10,1,BOOKS,1.0,0
2669436,2669436,2017-02-11,1,AUTOMOTIVE,5.0,0
2669437,2669437,2017-02-11,1,BABY CARE,0.0,0
2669438,2669438,2017-02-11,1,BEAUTY,5.0,0
2669439,2669439,2017-02-11,1,BEVERAGES,2596.0,11
2669440,2669440,2017-02-11,1,BOOKS,0.0,0
2671218,2671218,2017-02-12,1,AUTOMOTIVE,4.0,0
2671219,2671219,2017-02-12,1,BABY CARE,0.0,0
2671220,2671220,2017-02-12,1,BEAUTY,5.0,1
2671221,2671221,2017-02-12,1,BEVERAGES,1147.0,11
2671222,2671222,2017-02-12,1,BOOKS,1.0,0
2673000,2673000,2017-02-13,1,AUTOMOTIVE,3.0,0
2673001,2673001,2017-02-13,1,BABY CARE,0.0,0
2673002,2673002,2017-02-13,1,BEAUTY,5.0,1
2673003,2673003,2017-02-13,1,BEVERAGES,2449.0,16
2673004,2673004,2017-02-13,1,BOOKS,1.0,0
2674782,2674782,2017-02-14,1,AUTOMOTIVE,2.0,0
2674783,2674783,2017-02-14,1,BABY CARE,0.0,0
2674784,2674784,2017-02-14,1,BEAUTY,6.0,0
2674785,2674785,2017-02-14,1,BEVERAGES,2105.0,13
2674786,2674786,2017-02-14,1,BOOKS,0.0,0
2676564,2676564,2017-02-15,1,AUTOMOTIVE,3.0,0
2676565,2676565,2017-02-15,1,BABY CARE,0.0,0
2676566,2676566,2017-02-15,1,BEAUTY,3.0,1
2676567,2676567,2017-02-15,1,BEVERAGES,2141.0,17
2676568,2676568,2017-02-15,1,BOOKS,0.0,0
2678346,2678346,2017-02-16,1,AUTOMOTIVE,3.0,0
2678347,2678347,2017-02-16,1,BABY CARE,0.0,0
2678348,2678348,2017-02-16,1,BEAUTY,0.0,0
2678349,2678349,2017-02-16,1,BEVERAGES,1866.0,13
2678350,2678350,2017-02-16,1,BOOKS,3.0,0
2680128,2680128,2017-02-17,1,AUTOMOTIVE,7.0,0
2680129,2680129,2017-02-17,1,BABY CARE,0.0,0
2680130,2680130,2017-02-17,1,BEAUTY,4.0,1
2680131,2680131,2017-02-17,1,BEVERAGES,2286.0,16
2680132,2680132,2017-02-17,1,BOOKS,1.0,0
2681910,2681910,2017-02-18,1,AUTOMOTIVE,3.0,0
2681911,2681911,2017-02-18,1,BABY CARE,0.0,0
2681912,2681912,2017-02-18,1,BEAUTY,8.0,1
2681913,2681913,2017-02-18,1,BEVERAGES,2906.0,16
2681914,2681914,2017-02-18,1,BOOKS,0.0,0
2683692,2683692,2017-02-19,1,AUTOMOTIVE,0.0,0
2683693,2683693,2017-02-19,1,BABY CARE,0.0,0
2683694,2683694,2017-02-19,1,BEAUTY,1.0,1
2683695,2683695,2017-02-19,1,BEVERAGES,1019.0,16
2683696,2683696,2017-02-19,1,BOOKS,0.0,0
2685474,2685474,2017-02-20,1,AUTOMOTIVE,2.0,0
2685475,2685475,2017-02-20,1,BABY CARE,0.0,0
2685476,2685476,2017-02-20,1,BEAUTY,3.0,1
2685477,2685477,2017-02-20,1,BEVERAGES,2248.0,17
2685478,2685478,2017-02-20,1,BOOKS,0.0,0
2687256,2687256,2017-02-21,1,AUTOMOTIVE,2.0,0
2687257,2687257,2017-02-21,1,BABY CARE,0.0,0
2687258,2687258,2017-02-21,1,BEAUTY,5.0,1
2687259,2687259,2017-02-21,1,BEVERAGES,2419.0,19
2687260,2687260,2017-02-21,1,BOOKS,0.0,0
2689038,2689038,2017-02-22,1,AUTOMOTIVE,4.0,0
2689039,2689039,2017-02-22,1,BABY CARE,0.0,0
2689040,2689040,2017-02-22,1,BEAUTY,3.0,1
2689041,2689041,2017-02-22,1,BEVERAGES,2075.0,17
2689042,2689042,2017-02-22,1,BOOKS,0.0,0
2690820,2690820,2017-02-23,1,AUTOMOTIVE,1.0,0
2690821,2690821,2017-02-23,1,BABY CARE,0.0,0
2690822,2690822,2017-02-23,1,BEAUTY,5.0,1
2690823,2690823,2017-02-23,1,BEVERAGES,1923.0,13
2690824,2690824,2017-02-23,1,BOOKS,0.0,0
2692602,2692602,2017-02-24,1,AUTOMOTIVE,13.0,0
2692603,2692603,2017-02-24,1,BABY CARE,0.0,0
2692604,2692604,2017-02-24,1,BEAUTY,4.0,1
2692605,2692605,2017-02-24,1,BEVERAGES,2508.0,14
2692606,2692606,2017-02-24,1,BOOKS,0.0,0
2694384,2694384,2017-02-25,1,AUTOMOTIVE,2.0,0
2694385,2694385,2017-02-25,1,BABY CARE,0.0,0
2694386,2694386,2017-02-25,1,BEAUTY,2.0,1
2694387,2694387,2017-02-25,1,BEVERAGES,2198.0,15
2694388,2694388,2017-02-25,1,BOOKS,0.0,0
2696166,2696166,2017-02-26,1,AUTOMOTIVE,1.0,0
2696167,2696167,2017-02-26,1,BABY CARE,0.0,0
2696168,2696168,2017-02-26,1,BEAUTY,1.0,0
2696169,2696169,2017-02-26,1,BEVERAGES,690.0,9
2696170,2696170,2017-02-26,1,BOOKS,0.0,0
2697948,2697948,2017-02-27,1,AUTOMOTIVE,3.0,0
2697949,2697949,2017-02-27,1,BABY CARE,0.0,0
2697950,2697950,2017-02-27,1,BEAUTY,0.0,0
2697951,2697951,2017-02-27,1,BEVERAGES,669.0,11
2697952,2697952,2017-02-27,1,BOOKS,0.0,0
2699730,2699730,2017-02-28,1,AUTOMOTIVE,2.0,0
2699731,2699731,2017-02-28,1,BABY CARE,0.0,0
2699732,2699732,2017-02-28,1,BEAUTY,2.0,1
2699733,2699733,2017-02-28,1,BEVERAGES,1059.0,11
2699734,2699734,2017-02-28,1,BOOKS,0.0,0
2701512,2701512,2017-03-01,1,AUTOMOTIVE,1.0,0
2701513,2701513,2017-03-01,1,BABY CARE,0.0,0
2701514,2701514,2017-03-01,1,BEAUTY,3.0,1
2701515,2701515,2017-03-01,1,BEVERAGES,3343.0,25
2701516,2701516,2017-03-01,1,BOOKS,0.0,0
2703294,2703294,2017-03-02,1,AUTOMOTIVE,3.0,0
2703295,2703295,2017-03-02,1,BABY CARE,0.0,0
2703296,2703296,2017-03-02,1,BEAUTY,8.0,1
2703297,2703297,2017-03-02,1,BEVERAGES,2519.0,20
2703298,2703298,2017-03-02,1,BOOKS,0.0,0
2705076,2705076,2017-03-03,1,AUTOMOTIVE,5.0,0
2705077,2705077,2017-03-03,1,BABY CARE,0.0,0
2705078,2705078,2017-03-03,1,BEAUTY,9.0,1
2705079,2705079,2017-03-03,1,BEVERAGES,2536.0,13
2705080,2705080,2017-03-03,1,BOOKS,0.0,0
2706858,2706858,2017-03-04,1,AUTOMOTIVE,6.0,0
2706859,2706859,2017-03-04,1,BABY CARE,0.0,0
2706860,2706860,2017-03-04,1,BEAUTY,5.0,1
2706861,2706861,2017-03-04,1,BEVERAGES,2577.0,18
2706862,2706862,2017-03-04,1,BOOKS,1.0,0
2708640,2708640,2017-03-05,1,AUTOMOTIVE,0.0,0
2708641,2708641,2017-03-05,1,BABY CARE,0.0,0
2708642,2708642,2017-03-05,1,BEAUTY,1.0,0
2708643,2708643,2017-03-05,1,BEVERAGES,1039.0,12
2708644,2708644,2017-03-05,1,BOOKS,0.0,0
2710422,2710422,2017-03-06,1,AUTOMOTIVE,5.0,0
2710423,2710423,2017-03-06,1,BABY CARE,0.0,0
2710424,2710424,2017-03-06,1,BEAUTY,3.0,1
2710425,2710425,2017-03-06,1,BEVERAGES,1898.0,14
2710426,2710426,2017-03-06,1,BOOKS,0.0,0
2712204,2712204,2017-03-07,1,AUTOMOTIVE,3.0,0
2712205,2712205,2017-03-07,1,BABY CARE,0.0,0
2712206,2712206,2017-03-07,1,BEAUTY,3.0,1
2712207,2712207,2017-03-07,1,BEVERAGES,2625.0,9
2712208,2712208,2017-03-07,1,BOOKS,2.0,0
2713986,2713986,2017-03-08,1,AUTOMOTIVE,3.0,0
2713987,2713987,2017-03-08,1,BABY CARE,0.0,0
2713988,2713988,2017-03-08,1,BEAUTY,4.0,1
2713989,2713989,2017-03-08,1,BEVERAGES,2266.0,12
2713990,2713990,2017-03-08,1,BOOKS,0.0,0
2715768,2715768,2017-03-09,1,AUTOMOTIVE,4.0,0
2715769,2715769,2017-03-09,1,BABY CARE,0.0,0
2715770,2715770,2017-03-09,1,BEAUTY,2.0,0
2715771,2715771,2017-03-09,1,BEVERAGES,2084.0,25
2715772,2715772,2017-03-09,1,BOOKS,1.0,0
2717550,2717550,2017-03-10,1,AUTOMOTIVE,3.0,0
2717551,2717551,2017-03-10,1,BABY CARE,0.0,0
2717552,2717552,2017-03-10,1,BEAUTY,2.0,0
2717553,2717553,2017-03-10,1,BEVERAGES,2418.0,29
2717554,2717554,2017-03-10,1,BOOKS,2.0,0
2719332,2719332,2017-03-11,1,AUTOMOTIVE,0.0,0
2719333,2719333,2017-03-11,1,BABY CARE,0.0,0
2719334,2719334,2017-03-11,1,BEAUTY,3.0,0
2719335,2719335,2017-03-11,1,BEVERAGES,2701.0,31
2719336,2719336,2017-03-11,1,BOOKS,2.0,0
2721114,2721114,2017-03-12,1,AUTOMOTIVE,4.0,0
2721115,2721115,2017-03-12,1,BABY CARE,0.0,0
2721116,2721116,2017-03-12,1,BEAUTY,2.0,0
2721117,2721117,2017-03-12,1,BEVERAGES,1338.0,23
2721118,2721118,2017-03-12,1,BOOKS,0.0,0
2722896,2722896,2017-03-13,1,AUTOMOTIVE,3.0,0
2722897,2722897,2017-03-13,1,BABY CARE,0.0,0
2722898,2722898,2017-03-13,1,BEAUTY,0.0,0
2722899,2722899,2017-03-13,1,BEVERAGES,2322.0,29
2722900,2722900,2017-03-13,1,BOOKS,0.0,0
2724678,2724678,2017-03-14,1,AUTOMOTIVE,3.0,0
2724679,2724679,2017-03-14,1,BABY CARE,0.0,0
2724680,2724680,2017-03-14,1,BEAUTY,3.0,0
2724681,2724681,2017-03-14,1,BEVERAGES,2216.0,29
2724682,2724682,2017-03-14,1,BOOKS,1.0,0
2726460,2726460,2017-03-15,1,AUTOMOTIVE,7.0,0
2726461,2726461,2017-03-15,1,BABY CARE,0.0,0
2726462,2726462,2017-03-15,1,BEAUTY,3.0,0
2726463,2726463,2017-03-15,1,BEVERAGES,2648.0,29
2726464,2726464,2017-03-15,1,BOOKS,0.0,0
2728242,2728242,2017-03-16,1,AUTOMOTIVE,4.0,0
2728243,2728243,2017-03-16,1,BABY CARE,0.0,0
2728244,2728244,2017-03-16,1,BEAUTY,3.0,0
2728245,2728245,2017-03-16,1,BEVERAGES,2057.0,28
2728246,2728246,2017-03-16,1,BOOKS,0.0,0
2730024,2730024,2017-03-17,1,AUTOMOTIVE,6.0,0
2730025,2730025,2017-03-17,1,BABY CARE,0.0,0
2730026,2730026,2017-03-17,1,BEAUTY,3.0,0
2730027,2730027,2017-03-17,1,BEVERAGES,2955.0,31
2730028,2730028,2017-03-17,1,BOOKS,0.0,0
2731806,2731806,2017-03-18,1,AUTOMOTIVE,3.0,0
2731807,2731807,2017-03-18,1,BABY CARE,0.0,0
2731808,2731808,2017-03-18,1,BEAUTY,4.0,0
2731809,2731809,2017-03-18,1,BEVERAGES,2502.0,29
2731810,2731810,2017-03-18,1,BOOKS,0.0,0
2733588,2733588,2017-03-19,1,AUTOMOTIVE,1.0,0
2733589,2733589,2017-03-19,1,BABY CARE,0.0,0
2733590,2733590,2017-03-19,1,BEAUTY,2.0,0
2733591,2733591,2017-03-19,1,BEVERAGES,1094.0,22
2733592,2733592,2017-03-19,1,BOOKS,1.0,0
2735370,2735370,2017-03-20,1,AUTOMOTIVE,3.0,0
2735371,2735371,2017-03-20,1,BABY CARE,0.0,0
2735372,2735372,2017-03-20,1,BEAUTY,3.0,0
2735373,2735373,2017-03-20,1,BEVERAGES,2370.0,25
2735374,2735374,2017-03-20,1,BOOKS,0.0,0
2737152,2737152,2017-03-21,1,AUTOMOTIVE,8.0,0
2737153,2737153,2017-03-21,1,BABY CARE,0.0,0
2737154,2737154,2017-03-21,1,BEAUTY,8.0,0
2737155,2737155,2017-03-21,1,BEVERAGES,2873.0,21
2737156,2737156,2017-03-21,1,BOOKS,0.0,0
2738934,2738934,2017-03-22,1,AUTOMOTIVE,3.0,0
2738935,2738935,2017-03-22,1,BABY CARE,0.0,0
2738936,2738936,2017-03-22,1,BEAUTY,2.0,0
2738937,2738937,2017-03-22,1,BEVERAGES,2658.0,24
2738938,2738938,2017-03-22,1,BOOKS,1.0,0
2740716,2740716,2017-03-23,1,AUTOMOTIVE,3.0,0
2740717,2740717,2017-03-23,1,BABY CARE,0.0,0
2740718,2740718,2017-03-23,1,BEAUTY,2.0,0
2740719,2740719,2017-03-23,1,BEVERAGES,2333.0,20
2740720,2740720,2017-03-23,1,BOOKS,0.0,0
2742498,2742498,2017-03-24,1,AUTOMOTIVE,7.0,0
2742499,2742499,2017-03-24,1,BABY CARE,0.0,0
2742500,2742500,2017-03-24,1,BEAUTY,2.0,0
2742501,2742501,2017-03-24,1,BEVERAGES,2745.0,19
2742502,2742502,2017-03-24,1,BOOKS,1.0,0
2744280,2744280,2017-03-25,1,AUTOMOTIVE,5.0,0
2744281,2744281,2017-03-25,1,BABY CARE,0.0,0
2744282,2744282,2017-03-25,1,BEAUTY,4.0,0
2744283,2744283,2017-03-25,1,BEVERAGES,2356.0,21
2744284,2744284,2017-03-25,1,BOOKS,0.0,0
2746062,2746062,2017-03-26,1,AUTOMOTIVE,5.0,0
2746063,2746063,2017-03-26,1,BABY CARE,0.0,0
2746064,2746064,2017-03-26,1,BEAUTY,0.0,0
2746065,2746065,2017-03-26,1,BEVERAGES,1110.0,16
2746066,2746066,2017-03-26,1,BOOKS,0.0,0
2747844,2747844,2017-03-27,1,AUTOMOTIVE,6.0,0
2747845,2747845,2017-03-27,1,BABY CARE,0.0,0
2747846,2747846,2017-03-27,1,BEAUTY,0.0,0
2747847,2747847,2017-03-27,1,BEVERAGES,2388.0,21
2747848,2747848,2017-03-27,1,BOOKS,1.0,0
2749626,2749626,2017-03-28,1,AUTOMOTIVE,4.0,0
2749627,2749627,2017-03-28,1,BABY CARE,0.0,0
2749628,2749628,2017-03-28,1,BEAUTY,1.0,0
2749629,2749629,2017-03-28,1,BEVERAGES,2184.0,17
2749630,2749630,2017-03-28,1,BOOKS,0.0,0
2751408,2751408,2017-03-29,1,AUTOMOTIVE,2.0,0
2751409,2751409,2017-03-29,1,BABY CARE,0.0,0
2751410,2751410,2017-03-29,1,BEAUTY,3.0,0
2751411,2751411,2017-03-29,1,BEVERAGES,2450.0,23
2751412,2751412,2017-03-29,1,BOOKS,1.0,0
2753190,2753190,2017-03-30,1,AUTOMOTIVE,3.0,0
2753191,2753191,2017-03-30,1,BABY CARE,0.0,0
2753192,2753192,2017-03-30,1,BEAUTY,2.0,0
2753193,2753193,2017-03-30,1,BEVERAGES,1971.0,3
2753194,2753194,2017-03-30,1,BOOKS,0.0,0
2754972,2754972,2017-03-31,1,AUTOMOTIVE,5.0,0
2754973,2754973,2017-03-31,1,BABY CARE,0.0,0
2754974,2754974,2017-03-31,1,BEAUTY,7.0,1
2754975,2754975,2017-03-31,1,BEVERAGES,2351.0,7
2754976,2754976,2017-03-31,1,BOOKS,1.0,0
2756754,2756754,2017-04-01,1,AUTOMOTIVE,9.0,0
2756755,2756755,2017-04-01,1,BABY CARE,0.0,0
2756756,2756756,2017-04-01,1,BEAUTY,1.0,0
2756757,2756757,2017-04-01,1,BEVERAGES,3229.0,8
2756758,2756758,2017-04-01,1,BOOKS,0.0,0
2758536,2758536,2017-04-02,1,AUTOMOTIVE,4.0,0
2758537,2758537,2017-04-02,1,BABY CARE,0.0,0
2758538,2758538,2017-04-02,1,BEAUTY,1.0,0
2758539,2758539,2017-04-02,1,BEVERAGES,1210.0,9
2758540,2758540,2017-04-02,1,BOOKS,0.0,0
2760318,2760318,2017-04-03,1,AUTOMOTIVE,11.0,0
2760319,2760319,2017-04-03,1,BABY CARE,0.0,0
2760320,2760320,2017-04-03,1,BEAUTY,2.0,0
2760321,2760321,2017-04-03,1,BEVERAGES,2097.0,9
2760322,2760322,2017-04-03,1,BOOKS,0.0,0
2762100,2762100,2017-04-04,1,AUTOMOTIVE,3.0,0
2762101,2762101,2017-04-04,1,BABY CARE,0.0,0
2762102,2762102,2017-04-04,1,BEAUTY,4.0,1
2762103,2762103,2017-04-04,1,BEVERAGES,2249.0,9
2762104,2762104,2017-04-04,1,BOOKS,1.0,0
2763882,2763882,2017-04-05,1,AUTOMOTIVE,5.0,0
2763883,2763883,2017-04-05,1,BABY CARE,0.0,0
2763884,2763884,2017-04-05,1,BEAUTY,1.0,0
2763885,2763885,2017-04-05,1,BEVERAGES,2687.0,8
2763886,2763886,2017-04-05,1,BOOKS,2.0,0
2765664,2765664,2017-04-06,1,AUTOMOTIVE,10.0,0
2765665,2765665,2017-04-06,1,BABY CARE,0.0,0
2765666,2765666,2017-04-06,1,BEAUTY,5.0,1
2765667,2765667,2017-04-06,1,BEVERAGES,2164.0,10
2765668,2765668,2017-04-06,1,BOOKS,1.0,0
2767446,2767446,2017-04-07,1,AUTOMOTIVE,9.0,0
2767447,2767447,2017-04-07,1,BABY CARE,0.0,0
2767448,2767448,2017-04-07,1,BEAUTY,2.0,0
2767449,2767449,2017-04-07,1,BEVERAGES,2527.0,7
2767450,2767450,2017-04-07,1,BOOKS,0.0,0
2769228,2769228,2017-04-08,1,AUTOMOTIVE,8.0,0
2769229,2769229,2017-04-08,1,BABY CARE,0.0,0
2769230,2769230,2017-04-08,1,BEAUTY,2.0,0
2769231,2769231,2017-04-08,1,BEVERAGES,2729.0,9
2769232,2769232,2017-04-08,1,BOOKS,0.0,0
2771010,2771010,2017-04-09,1,AUTOMOTIVE,2.0,0
2771011,2771011,2017-04-09,1,BABY CARE,0.0,0
2771012,2771012,2017-04-09,1,BEAUTY,0.0,0
2771013,2771013,2017-04-09,1,BEVERAGES,1175.0,7
2771014,2771014,2017-04-09,1,BOOKS,0.0,0
2772792,2772792,2017-04-10,1,AUTOMOTIVE,5.0,0
2772793,2772793,2017-04-10,1,BABY CARE,0.0,0
2772794,2772794,2017-04-10,1,BEAUTY,2.0,0
2772795,2772795,2017-04-10,1,BEVERAGES,2033.0,8
2772796,2772796,2017-04-10,1,BOOKS,1.0,0
2774574,2774574,2017-04-11,1,AUTOMOTIVE,6.0,0
2774575,2774575,2017-04-11,1,BABY CARE,0.0,0
2774576,2774576,2017-04-11,1,BEAUTY,5.0,0
2774577,2774577,2017-04-11,1,BEVERAGES,2116.0,11
2774578,2774578,2017-04-11,1,BOOKS,0.0,0
2776356,2776356,2017-04-12,1,AUTOMOTIVE,3.0,0
2776357,2776357,2017-04-12,1,BABY CARE,0.0,0
2776358,2776358,2017-04-12,1,BEAUTY,2.0,0
2776359,2776359,2017-04-12,1,BEVERAGES,2457.0,21
2776360,2776360,2017-04-12,1,BOOKS,1.0,0
2778138,2778138,2017-04-13,1,AUTOMOTIVE,9.0,0
2778139,2778139,2017-04-13,1,BABY CARE,0.0,0
2778140,2778140,2017-04-13,1,BEAUTY,0.0,0
2778141,2778141,2017-04-13,1,BEVERAGES,2599.0,27
2778142,2778142,2017-04-13,1,BOOKS,0.0,0
2779920,2779920,2017-04-14,1,AUTOMOTIVE,1.0,0
2779921,2779921,2017-04-14,1,BABY CARE,0.0,0
2779922,2779922,2017-04-14,1,BEAUTY,1.0,0
2779923,2779923,2017-04-14,1,BEVERAGES,817.0,14
2779924,2779924,2017-04-14,1,BOOKS,0.0,0
2781702,2781702,2017-04-15,1,AUTOMOTIVE,3.0,0
2781703,2781703,2017-04-15,1,BABY CARE,0.0,0
2781704,2781704,2017-04-15,1,BEAUTY,1.0,0
2781705,2781705,2017-04-15,1,BEVERAGES,1946.0,13
2781706,2781706,2017-04-15,1,BOOKS,0.0,0
2783484,2783484,2017-04-16,1,AUTOMOTIVE,1.0,0
2783485,2783485,2017-04-16,1,BABY CARE,0.0,0
2783486,2783486,2017-04-16,1,BEAUTY,0.0,0
2783487,2783487,2017-04-16,1,BEVERAGES,1114.0,20
2783488,2783488,2017-04-16,1,BOOKS,0.0,0
2785266,2785266,2017-04-17,1,AUTOMOTIVE,1.0,0
2785267,2785267,2017-04-17,1,BABY CARE,0.0,0
2785268,2785268,2017-04-17,1,BEAUTY,3.0,0
2785269,2785269,2017-04-17,1,BEVERAGES,2731.0,23
2785270,2785270,2017-04-17,1,BOOKS,0.0,0
2787048,2787048,2017-04-18,1,AUTOMOTIVE,3.0,0
2787049,2787049,2017-04-18,1,BABY CARE,0.0,0
2787050,2787050,2017-04-18,1,BEAUTY,3.0,0
2787051,2787051,2017-04-18,1,BEVERAGES,2102.0,20
2787052,2787052,2017-04-18,1,BOOKS,1.0,0
2788830,2788830,2017-04-19,1,AUTOMOTIVE,4.0,0
2788831,2788831,2017-04-19,1,BABY CARE,0.0,0
2788832,2788832,2017-04-19,1,BEAUTY,1.0,0
2788833,2788833,2017-04-19,1,BEVERAGES,2426.0,27
2788834,2788834,2017-04-19,1,BOOKS,0.0,0
2790612,2790612,2017-04-20,1,AUTOMOTIVE,2.0,0
2790613,2790613,2017-04-20,1,BABY CARE,0.0,0
2790614,2790614,2017-04-20,1,BEAUTY,2.0,0
2790615,2790615,2017-04-20,1,BEVERAGES,1948.0,23
2790616,2790616,2017-04-20,1,BOOKS,0.0,0
2792394,2792394,2017-04-21,1,AUTOMOTIVE,5.0,0
2792395,2792395,2017-04-21,1,BABY CARE,0.0,0
2792396,2792396,2017-04-21,1,BEAUTY,2.0,0
2792397,2792397,2017-04-21,1,BEVERAGES,2600.0,25
2792398,2792398,2017-04-21,1,BOOKS,1.0,0
2794176,2794176,2017-04-22,1,AUTOMOTIVE,5.0,0
2794177,2794177,2017-04-22,1,BABY CARE,0.0,0
2794178,2794178,2017-04-22,1,BEAUTY,6.0,0
2794179,2794179,2017-04-22,1,BEVERAGES,2785.0,32
2794180,2794180,2017-04-22,1,BOOKS,1.0,0
2795958,2795958,2017-04-23,1,AUTOMOTIVE,1.0,0
2795959,2795959,2017-04-23,1,BABY CARE,0.0,0
2795960,2795960,2017-04-23,1,BEAUTY,8.0,0
2795961,2795961,2017-04-23,1,BEVERAGES,1047.0,23
2795962,2795962,2017-04-23,1,BOOKS,1.0,0
2797740,2797740,2017-04-24,1,AUTOMOTIVE,6.0,0
2797741,2797741,2017-04-24,1,BABY CARE,0.0,0
2797742,2797742,2017-04-24,1,BEAUTY,5.0,0
2797743,2797743,2017-04-24,1,BEVERAGES,2419.0,36
2797744,2797744,2017-04-24,1,BOOKS,0.0,0
2799522,2799522,2017-04-25,1,AUTOMOTIVE,3.0,0
2799523,2799523,2017-04-25,1,BABY CARE,0.0,0
2799524,2799524,2017-04-25,1,BEAUTY,3.0,0
2799525,2799525,2017-04-25,1,BEVERAGES,2083.0,27
2799526,2799526,2017-04-25,1,BOOKS,0.0,0
2801304,2801304,2017-04-26,1,AUTOMOTIVE,2.0,0
2801305,2801305,2017-04-26,1,BABY CARE,0.0,0
2801306,2801306,2017-04-26,1,BEAUTY,2.0,0
2801307,2801307,2017-04-26,1,BEVERAGES,2608.0,29
2801308,2801308,2017-04-26,1,BOOKS,2.0,0
2803086,2803086,2017-04-27,1,AUTOMOTIVE,8.0,0
2803087,2803087,2017-04-27,1,BABY CARE,0.0,0
2803088,2803088,2017-04-27,1,BEAUTY,3.0,0
2803089,2803089,2017-04-27,1,BEVERAGES,2022.0,32
2803090,2803090,2017-04-27,1,BOOKS,0.0,0
2804868,2804868,2017-04-28,1,AUTOMOTIVE,3.0,0
2804869,2804869,2017-04-28,1,BABY CARE,0.0,0
2804870,2804870,2017-04-28,1,BEAUTY,2.0,0
2804871,2804871,2017-04-28,1,BEVERAGES,2235.0,28
2804872,2804872,2017-04-28,1,BOOKS,0.0,0
2806650,2806650,2017-04-29,1,AUTOMOTIVE,2.0,0
2806651,2806651,2017-04-29,1,BABY CARE,0.0,0
2806652,2806652,2017-04-29,1,BEAUTY,5.0,0
2806653,2806653,2017-04-29,1,BEVERAGES,2156.0,33
2806654,2806654,2017-04-29,1,BOOKS,0.0,0
2808432,2808432,2017-04-30,1,AUTOMOTIVE,3.0,0
2808433,2808433,2017-04-30,1,BABY CARE,0.0,0
2808434,2808434,2017-04-30,1,BEAUTY,0.0,0
2808435,2808435,2017-04-30,1,BEVERAGES,995.0,17
2808436,2808436,2017-04-30,1,BOOKS,1.0,0
2810214,2810214,2017-05-01,1,AUTOMOTIVE,0.0,0
2810215,2810215,2017-05-01,1,BABY CARE,0.0,0
2810216,2810216,2017-05-01,1,BEAUTY,2.0,0
2810217,2810217,2017-05-01,1,BEVERAGES,825.0,15
2810218,2810218,2017-05-01,1,BOOKS,0.0,0
2811996,2811996,2017-05-02,1,AUTOMOTIVE,2.0,0
2811997,2811997,2017-05-02,1,BABY CARE,0.0,0
2811998,2811998,2017-05-02,1,BEAUTY,2.0,0
2811999,2811999,2017-05-02,1,BEVERAGES,3179.0,26
2812000,2812000,2017-05-02,1,BOOKS,0.0,0
2813778,2813778,2017-05-03,1,AUTOMOTIVE,5.0,0
2813779,2813779,2017-05-03,1,BABY CARE,0.0,0
2813780,2813780,2017-05-03,1,BEAUTY,6.0,1
2813781,2813781,2017-05-03,1,BEVERAGES,2479.0,28
2813782,2813782,2017-05-03,1,BOOKS,1.0,0
2815560,2815560,2017-05-04,1,AUTOMOTIVE,3.0,0
2815561,2815561,2017-05-04,1,BABY CARE,0.0,0
2815562,2815562,2017-05-04,1,BEAUTY,1.0,0
2815563,2815563,2017-05-04,1,BEVERAGES,2454.0,15
2815564,2815564,2017-05-04,1,BOOKS,0.0,0
2817342,2817342,2017-05-05,1,AUTOMOTIVE,12.0,0
2817343,2817343,2017-05-05,1,BABY CARE,0.0,0
2817344,2817344,2017-05-05,1,BEAUTY,0.0,0
2817345,2817345,2017-05-05,1,BEVERAGES,2243.0,17
2817346,2817346,2017-05-05,1,BOOKS,1.0,0
2819124,2819124,2017-05-06,1,AUTOMOTIVE,4.0,0
2819125,2819125,2017-05-06,1,BABY CARE,0.0,0
2819126,2819126,2017-05-06,1,BEAUTY,4.0,1
2819127,2819127,2017-05-06,1,BEVERAGES,2735.0,13
2819128,2819128,2017-05-06,1,BOOKS,0.0,0
2820906,2820906,2017-05-07,1,AUTOMOTIVE,3.0,0
2820907,2820907,2017-05-07,1,BABY CARE,0.0,0
2820908,2820908,2017-05-07,1,BEAUTY,4.0,0
2820909,2820909,2017-05-07,1,BEVERAGES,1019.0,11
2820910,2820910,2017-05-07,1,BOOKS,0.0,0
2822688,2822688,2017-05-08,1,AUTOMOTIVE,5.0,0
2822689,2822689,2017-05-08,1,BABY CARE,0.0,0
2822690,2822690,2017-05-08,1,BEAUTY,4.0,1
2822691,2822691,2017-05-08,1,BEVERAGES,2317.0,16
2822692,2822692,2017-05-08,1,BOOKS,2.0,0
2824470,2824470,2017-05-09,1,AUTOMOTIVE,2.0,0
2824471,2824471,2017-05-09,1,BABY CARE,0.0,0
2824472,2824472,2017-05-09,1,BEAUTY,5.0,1
2824473,2824473,2017-05-09,1,BEVERAGES,1943.0,15
2824474,2824474,2017-05-09,1,BOOKS,1.0,0
2826252,2826252,2017-05-10,1,AUTOMOTIVE,2.0,0
2826253,2826253,2017-05-10,1,BABY CARE,0.0,0
2826254,2826254,2017-05-10,1,BEAUTY,6.0,1
2826255,2826255,2017-05-10,1,BEVERAGES,2033.0,24
2826256,2826256,2017-05-10,1,BOOKS,0.0,0
2828034,2828034,2017-05-11,1,AUTOMOTIVE,4.0,0
2828035,2828035,2017-05-11,1,BABY CARE,0.0,0
2828036,2828036,2017-05-11,1,BEAUTY,3.0,1
2828037,2828037,2017-05-11,1,BEVERAGES,1697.0,20
2828038,2828038,2017-05-11,1,BOOKS,1.0,0
2829816,2829816,2017-05-12,1,AUTOMOTIVE,4.0,0
2829817,2829817,2017-05-12,1,BABY CARE,0.0,0
2829818,2829818,2017-05-12,1,BEAUTY,3.0,1
2829819,2829819,2017-05-12,1,BEVERAGES,2472.0,26
2829820,2829820,2017-05-12,1,BOOKS,0.0,0
2831598,2831598,2017-05-13,1,AUTOMOTIVE,2.0,0
2831599,2831599,2017-05-13,1,BABY CARE,0.0,0
2831600,2831600,2017-05-13,1,BEAUTY,10.0,1
2831601,2831601,2017-05-13,1,BEVERAGES,2498.0,27
2831602,2831602,2017-05-13,1,BOOKS,0.0,0
2833380,2833380,2017-05-14,1,AUTOMOTIVE,2.0,0
2833381,2833381,2017-05-14,1,BABY CARE,0.0,0
2833382,2833382,2017-05-14,1,BEAUTY,1.0,0
2833383,2833383,2017-05-14,1,BEVERAGES,883.0,18
2833384,2833384,2017-05-14,1,BOOKS,0.0,0
2835162,2835162,2017-05-15,1,AUTOMOTIVE,9.0,0
2835163,2835163,2017-05-15,1,BABY CARE,0.0,0
2835164,2835164,2017-05-15,1,BEAUTY,3.0,1
2835165,2835165,2017-05-15,1,BEVERAGES,2280.0,28
2835166,2835166,2017-05-15,1,BOOKS,0.0,0
2836944,2836944,2017-05-16,1,AUTOMOTIVE,3.0,0
2836945,2836945,2017-05-16,1,BABY CARE,0.0,0
2836946,2836946,2017-05-16,1,BEAUTY,2.0,1
2836947,2836947,2017-05-16,1,BEVERAGES,2393.0,28
2836948,2836948,2017-05-16,1,BOOKS,0.0,0
2838726,2838726,2017-05-17,1,AUTOMOTIVE,2.0,0
2838727,2838727,2017-05-17,1,BABY CARE,0.0,0
2838728,2838728,2017-05-17,1,BEAUTY,5.0,1
2838729,2838729,2017-05-17,1,BEVERAGES,2374.0,31
2838730,2838730,2017-05-17,1,BOOKS,1.0,0
2840508,2840508,2017-05-18,1,AUTOMOTIVE,4.0,0
2840509,2840509,2017-05-18,1,BABY CARE,0.0,0
2840510,2840510,2017-05-18,1,BEAUTY,2.0,1
2840511,2840511,2017-05-18,1,BEVERAGES,2154.0,26
2840512,2840512,2017-05-18,1,BOOKS,0.0,0
2842290,2842290,2017-05-19,1,AUTOMOTIVE,5.0,0
2842291,2842291,2017-05-19,1,BABY CARE,0.0,0
2842292,2842292,2017-05-19,1,BEAUTY,4.0,1
2842293,2842293,2017-05-19,1,BEVERAGES,2743.0,30
2842294,2842294,2017-05-19,1,BOOKS,0.0,0
2844072,2844072,2017-05-20,1,AUTOMOTIVE,4.0,0
2844073,2844073,2017-05-20,1,BABY CARE,0.0,0
2844074,2844074,2017-05-20,1,BEAUTY,3.0,1
2844075,2844075,2017-05-20,1,BEVERAGES,2379.0,28
2844076,2844076,2017-05-20,1,BOOKS,0.0,0
2845854,2845854,2017-05-21,1,AUTOMOTIVE,1.0,0
2845855,2845855,2017-05-21,1,BABY CARE,0.0,0
2845856,2845856,2017-05-21,1,BEAUTY,1.0,0
2845857,2845857,2017-05-21,1,BEVERAGES,974.0,23
2845858,2845858,2017-05-21,1,BOOKS,0.0,0
2847636,2847636,2017-05-22,1,AUTOMOTIVE,2.0,0
2847637,2847637,2017-05-22,1,BABY CARE,0.0,0
2847638,2847638,2017-05-22,1,BEAUTY,5.0,1
2847639,2847639,2017-05-22,1,BEVERAGES,2620.0,25
2847640,2847640,2017-05-22,1,BOOKS,1.0,0
2849418,2849418,2017-05-23,1,AUTOMOTIVE,4.0,0
2849419,2849419,2017-05-23,1,BABY CARE,0.0,0
2849420,2849420,2017-05-23,1,BEAUTY,1.0,1
2849421,2849421,2017-05-23,1,BEVERAGES,2365.0,25
2849422,2849422,2017-05-23,1,BOOKS,1.0,0
2851200,2851200,2017-05-24,1,AUTOMOTIVE,7.0,0
2851201,2851201,2017-05-24,1,BABY CARE,0.0,0
2851202,2851202,2017-05-24,1,BEAUTY,1.0,0
2851203,2851203,2017-05-24,1,BEVERAGES,2611.0,26
2851204,2851204,2017-05-24,1,BOOKS,1.0,0
2852982,2852982,2017-05-25,1,AUTOMOTIVE,2.0,0
2852983,2852983,2017-05-25,1,BABY CARE,0.0,0
2852984,2852984,2017-05-25,1,BEAUTY,1.0,1
2852985,2852985,2017-05-25,1,BEVERAGES,2229.0,27
2852986,2852986,2017-05-25,1,BOOKS,0.0,0
2854764,2854764,2017-05-26,1,AUTOMOTIVE,1.0,0
2854765,2854765,2017-05-26,1,BABY CARE,0.0,0
2854766,2854766,2017-05-26,1,BEAUTY,0.0,0
2854767,2854767,2017-05-26,1,BEVERAGES,1100.0,21
2854768,2854768,2017-05-26,1,BOOKS,0.0,0
2856546,2856546,2017-05-27,1,AUTOMOTIVE,1.0,0
2856547,2856547,2017-05-27,1,BABY CARE,0.0,0
2856548,2856548,2017-05-27,1,BEAUTY,2.0,1
2856549,2856549,2017-05-27,1,BEVERAGES,2270.0,30
2856550,2856550,2017-05-27,1,BOOKS,0.0,0
2858328,2858328,2017-05-28,1,AUTOMOTIVE,2.0,0
2858329,2858329,2017-05-28,1,BABY CARE,0.0,0
2858330,2858330,2017-05-28,1,BEAUTY,1.0,1
2858331,2858331,2017-05-28,1,BEVERAGES,1110.0,24
2858332,2858332,2017-05-28,1,BOOKS,0.0,0
2860110,2860110,2017-05-29,1,AUTOMOTIVE,6.0,0
2860111,2860111,2017-05-29,1,BABY CARE,0.0,0
2860112,2860112,2017-05-29,1,BEAUTY,4.0,0
2860113,2860113,2017-05-29,1,BEVERAGES,2407.0,32
2860114,2860114,2017-05-29,1,BOOKS,0.0,0
2861892,2861892,2017-05-30,1,AUTOMOTIVE,2.0,0
2861893,2861893,2017-05-30,1,BABY CARE,0.0,0
2861894,2861894,2017-05-30,1,BEAUTY,3.0,1
2861895,2861895,2017-05-30,1,BEVERAGES,1937.0,31
2861896,2861896,2017-05-30,1,BOOKS,0.0,0
2863674,2863674,2017-05-31,1,AUTOMOTIVE,3.0,0
2863675,2863675,2017-05-31,1,BABY CARE,0.0,0
2863676,2863676,2017-05-31,1,BEAUTY,11.0,1
2863677,2863677,2017-05-31,1,BEVERAGES,2554.0,31
2863678,2863678,2017-05-31,1,BOOKS,1.0,0
2865456,2865456,2017-06-01,1,AUTOMOTIVE,6.0,0
2865457,2865457,2017-06-01,1,BABY CARE,0.0,0
2865458,2865458,2017-06-01,1,BEAUTY,1.0,0
2865459,2865459,2017-06-01,1,BEVERAGES,2250.0,9
2865460,2865460,2017-06-01,1,BOOKS,3.0,0
2867238,2867238,2017-06-02,1,AUTOMOTIVE,19.0,0
2867239,2867239,2017-06-02,1,BABY CARE,0.0,0
2867240,2867240,2017-06-02,1,BEAUTY,1.0,0
2867241,2867241,2017-06-02,1,BEVERAGES,2752.0,27
2867242,2867242,2017-06-02,1,BOOKS,0.0,0
2869020,2869020,2017-06-03,1,AUTOMOTIVE,8.0,0
2869021,2869021,2017-06-03,1,BABY CARE,0.0,0
2869022,2869022,2017-06-03,1,BEAUTY,1.0,0
2869023,2869023,2017-06-03,1,BEVERAGES,2718.0,24
2869024,2869024,2017-06-03,1,BOOKS,0.0,0
2870802,2870802,2017-06-04,1,AUTOMOTIVE,0.0,0
2870803,2870803,2017-06-04,1,BABY CARE,0.0,0
2870804,2870804,2017-06-04,1,BEAUTY,2.0,0
2870805,2870805,2017-06-04,1,BEVERAGES,1142.0,17
2870806,2870806,2017-06-04,1,BOOKS,0.0,0
2872584,2872584,2017-06-05,1,AUTOMOTIVE,6.0,0
2872585,2872585,2017-06-05,1,BABY CARE,0.0,0
2872586,2872586,2017-06-05,1,BEAUTY,2.0,0
2872587,2872587,2017-06-05,1,BEVERAGES,2616.0,20
2872588,2872588,2017-06-05,1,BOOKS,0.0,0
2874366,2874366,2017-06-06,1,AUTOMOTIVE,2.0,0
2874367,2874367,2017-06-06,1,BABY CARE,0.0,0
2874368,2874368,2017-06-06,1,BEAUTY,2.0,0
2874369,2874369,2017-06-06,1,BEVERAGES,2625.0,24
2874370,2874370,2017-06-06,1,BOOKS,1.0,0
2876148,2876148,2017-06-07,1,AUTOMOTIVE,7.0,0
2876149,2876149,2017-06-07,1,BABY CARE,0.0,0
2876150,2876150,2017-06-07,1,BEAUTY,3.0,0
2876151,2876151,2017-06-07,1,BEVERAGES,2651.0,26
2876152,2876152,2017-06-07,1,BOOKS,1.0,0
2877930,2877930,2017-06-08,1,AUTOMOTIVE,1.0,0
2877931,2877931,2017-06-08,1,BABY CARE,0.0,0
2877932,2877932,2017-06-08,1,BEAUTY,4.0,0
2877933,2877933,2017-06-08,1,BEVERAGES,2159.0,22
2877934,2877934,2017-06-08,1,BOOKS,0.0,0
2879712,2879712,2017-06-09,1,AUTOMOTIVE,1.0,0
2879713,2879713,2017-06-09,1,BABY CARE,0.0,0
2879714,2879714,2017-06-09,1,BEAUTY,5.0,0
2879715,2879715,2017-06-09,1,BEVERAGES,2532.0,23
2879716,2879716,2017-06-09,1,BOOKS,0.0,0
2881494,2881494,2017-06-10,1,AUTOMOTIVE,4.0,0
2881495,2881495,2017-06-10,1,BABY CARE,0.0,0
2881496,2881496,2017-06-10,1,BEAUTY,3.0,0
2881497,2881497,2017-06-10,1,BEVERAGES,2692.0,23
2881498,2881498,2017-06-10,1,BOOKS,0.0,0
2883276,2883276,2017-06-11,1,AUTOMOTIVE,3.0,0
2883277,2883277,2017-06-11,1,BABY CARE,0.0,0
2883278,2883278,2017-06-11,1,BEAUTY,1.0,0
2883279,2883279,2017-06-11,1,BEVERAGES,1272.0,23
2883280,2883280,2017-06-11,1,BOOKS,2.0,0
2885058,2885058,2017-06-12,1,AUTOMOTIVE,4.0,0
2885059,2885059,2017-06-12,1,BABY CARE,0.0,0
2885060,2885060,2017-06-12,1,BEAUTY,4.0,0
2885061,2885061,2017-06-12,1,BEVERAGES,2335.0,24
2885062,2885062,2017-06-12,1,BOOKS,0.0,0
2886840,2886840,2017-06-13,1,AUTOMOTIVE,5.0,0
2886841,2886841,2017-06-13,1,BABY CARE,0.0,0
2886842,2886842,2017-06-13,1,BEAUTY,1.0,0
2886843,2886843,2017-06-13,1,BEVERAGES,2579.0,21
2886844,2886844,2017-06-13,1,BOOKS,2.0,0
2888622,2888622,2017-06-14,1,AUTOMOTIVE,5.0,0
2888623,2888623,2017-06-14,1,BABY CARE,0.0,0
2888624,2888624,2017-06-14,1,BEAUTY,3.0,1
2888625,2888625,2017-06-14,1,BEVERAGES,2707.0,25
2888626,2888626,2017-06-14,1,BOOKS,3.0,0
2890404,2890404,2017-06-15,1,AUTOMOTIVE,3.0,0
2890405,2890405,2017-06-15,1,BABY CARE,0.0,0
2890406,2890406,2017-06-15,1,BEAUTY,8.0,1
2890407,2890407,2017-06-15,1,BEVERAGES,2137.0,22
2890408,2890408,2017-06-15,1,BOOKS,1.0,0
2892186,2892186,2017-06-16,1,AUTOMOTIVE,4.0,0
2892187,2892187,2017-06-16,1,BABY CARE,0.0,0
2892188,2892188,2017-06-16,1,BEAUTY,5.0,1
2892189,2892189,2017-06-16,1,BEVERAGES,2532.0,17
2892190,2892190,2017-06-16,1,BOOKS,1.0,0
2893968,2893968,2017-06-17,1,AUTOMOTIVE,3.0,0
2893969,2893969,2017-06-17,1,BABY CARE,0.0,0
2893970,2893970,2017-06-17,1,BEAUTY,1.0,1
2893971,2893971,2017-06-17,1,BEVERAGES,2738.0,19
2893972,2893972,2017-06-17,1,BOOKS,0.0,0
2895750,2895750,2017-06-18,1,AUTOMOTIVE,2.0,0
2895751,2895751,2017-06-18,1,BABY CARE,0.0,0
2895752,2895752,2017-06-18,1,BEAUTY,2.0,1
2895753,2895753,2017-06-18,1,BEVERAGES,1005.0,10
2895754,2895754,2017-06-18,1,BOOKS,0.0,0
2897532,2897532,2017-06-19,1,AUTOMOTIVE,3.0,0
2897533,2897533,2017-06-19,1,BABY CARE,0.0,0
2897534,2897534,2017-06-19,1,BEAUTY,3.0,0
2897535,2897535,2017-06-19,1,BEVERAGES,2493.0,16
2897536,2897536,2017-06-19,1,BOOKS,0.0,0
2899314,2899314,2017-06-20,1,AUTOMOTIVE,3.0,0
2899315,2899315,2017-06-20,1,BABY CARE,0.0,0
2899316,2899316,2017-06-20,1,BEAUTY,6.0,1
2899317,2899317,2017-06-20,1,BEVERAGES,2977.0,17
2899318,2899318,2017-06-20,1,BOOKS,0.0,0
2901096,2901096,2017-06-21,1,AUTOMOTIVE,1.0,0
2901097,2901097,2017-06-21,1,BABY CARE,0.0,0
2901098,2901098,2017-06-21,1,BEAUTY,5.0,1
2901099,2901099,2017-06-21,1,BEVERAGES,2583.0,34
2901100,2901100,2017-06-21,1,BOOKS,0.0,0
2902878,2902878,2017-06-22,1,AUTOMOTIVE,1.0,0
2902879,2902879,2017-06-22,1,BABY CARE,0.0,0
2902880,2902880,2017-06-22,1,BEAUTY,5.0,1
2902881,2902881,2017-06-22,1,BEVERAGES,1824.0,21
2902882,2902882,2017-06-22,1,BOOKS,0.0,0
2904660,2904660,2017-06-23,1,AUTOMOTIVE,10.0,0
2904661,2904661,2017-06-23,1,BABY CARE,0.0,0
2904662,2904662,2017-06-23,1,BEAUTY,3.0,1
2904663,2904663,2017-06-23,1,BEVERAGES,2394.0,24
2904664,2904664,2017-06-23,1,BOOKS,0.0,0
2906442,2906442,2017-06-24,1,AUTOMOTIVE,12.0,0
2906443,2906443,2017-06-24,1,BABY CARE,0.0,0
2906444,2906444,2017-06-24,1,BEAUTY,8.0,1
2906445,2906445,2017-06-24,1,BEVERAGES,2674.0,25
2906446,2906446,2017-06-24,1,BOOKS,1.0,0
2908224,2908224,2017-06-25,1,AUTOMOTIVE,4.0,0
2908225,2908225,2017-06-25,1,BABY CARE,0.0,0
2908226,2908226,2017-06-25,1,BEAUTY,4.0,1
2908227,2908227,2017-06-25,1,BEVERAGES,1070.0,20
2908228,2908228,2017-06-25,1,BOOKS,0.0,0
2910006,2910006,2017-06-26,1,AUTOMOTIVE,3.0,0
2910007,2910007,2017-06-26,1,BABY CARE,0.0,0
2910008,2910008,2017-06-26,1,BEAUTY,7.0,1
2910009,2910009,2017-06-26,1,BEVERAGES,2242.0,25
2910010,2910010,2017-06-26,1,BOOKS,0.0,0
2911788,2911788,2017-06-27,1,AUTOMOTIVE,4.0,0
2911789,2911789,2017-06-27,1,BABY CARE,0.0,0
2911790,2911790,2017-06-27,1,BEAUTY,3.0,1
2911791,2911791,2017-06-27,1,BEVERAGES,2101.0,25
2911792,2911792,2017-06-27,1,BOOKS,0.0,0
2913570,2913570,2017-06-28,1,AUTOMOTIVE,2.0,0
2913571,2913571,2017-06-28,1,BABY CARE,0.0,0
2913572,2913572,2017-06-28,1,BEAUTY,5.0,1
2913573,2913573,2017-06-28,1,BEVERAGES,2203.0,26
2913574,2913574,2017-06-28,1,BOOKS,0.0,0
2915352,2915352,2017-06-29,1,AUTOMOTIVE,1.0,0
2915353,2915353,2017-06-29,1,BABY CARE,0.0,0
2915354,2915354,2017-06-29,1,BEAUTY,2.0,1
2915355,2915355,2017-06-29,1,BEVERAGES,2128.0,26
2915356,2915356,2017-06-29,1,BOOKS,0.0,0
2917134,2917134,2017-06-30,1,AUTOMOTIVE,11.0,0
2917135,2917135,2017-06-30,1,BABY CARE,0.0,0
2917136,2917136,2017-06-30,1,BEAUTY,2.0,1
2917137,2917137,2017-06-30,1,BEVERAGES,2496.0,30
2917138,2917138,2017-06-30,1,BOOKS,0.0,0
2918916,2918916,2017-07-01,1,AUTOMOTIVE,7.0,0
2918917,2918917,2017-07-01,1,BABY CARE,0.0,0
2918918,2918918,2017-07-01,1,BEAUTY,7.0,1
2918919,2918919,2017-07-01,1,BEVERAGES,2596.0,27
2918920,2918920,2017-07-01,1,BOOKS,0.0,0
2920698,2920698,2017-07-02,1,AUTOMOTIVE,4.0,0
2920699,2920699,2017-07-02,1,BABY CARE,0.0,0
2920700,2920700,2017-07-02,1,BEAUTY,2.0,1
2920701,2920701,2017-07-02,1,BEVERAGES,1135.0,25
2920702,2920702,2017-07-02,1,BOOKS,0.0,0
2922480,2922480,2017-07-03,1,AUTOMOTIVE,0.0,0
2922481,2922481,2017-07-03,1,BABY CARE,0.0,0
2922482,2922482,2017-07-03,1,BEAUTY,5.0,1
2922483,2922483,2017-07-03,1,BEVERAGES,2526.0,27
2922484,2922484,2017-07-03,1,BOOKS,1.0,0
2924262,2924262,2017-07-04,1,AUTOMOTIVE,5.0,0
2924263,2924263,2017-07-04,1,BABY CARE,0.0,0
2924264,2924264,2017-07-04,1,BEAUTY,6.0,1
2924265,2924265,2017-07-04,1,BEVERAGES,2284.0,27
2924266,2924266,2017-07-04,1,BOOKS,0.0,0
2926044,2926044,2017-07-05,1,AUTOMOTIVE,1.0,0
2926045,2926045,2017-07-05,1,BABY CARE,0.0,0
2926046,2926046,2017-07-05,1,BEAUTY,2.0,1
2926047,2926047,2017-07-05,1,BEVERAGES,2691.0,42
2926048,2926048,2017-07-05,1,BOOKS,0.0,0
2927826,2927826,2017-07-06,1,AUTOMOTIVE,5.0,0
2927827,2927827,2017-07-06,1,BABY CARE,0.0,0
2927828,2927828,2017-07-06,1,BEAUTY,5.0,0
2927829,2927829,2017-07-06,1,BEVERAGES,2284.0,39
2927830,2927830,2017-07-06,1,BOOKS,0.0,0
2929608,2929608,2017-07-07,1,AUTOMOTIVE,4.0,0
2929609,2929609,2017-07-07,1,BABY CARE,0.0,0
2929610,2929610,2017-07-07,1,BEAUTY,0.0,0
2929611,2929611,2017-07-07,1,BEVERAGES,2574.0,41
2929612,2929612,2017-07-07,1,BOOKS,1.0,0
2931390,2931390,2017-07-08,1,AUTOMOTIVE,6.0,0
2931391,2931391,2017-07-08,1,BABY CARE,0.0,0
2931392,2931392,2017-07-08,1,BEAUTY,3.0,0
2931393,2931393,2017-07-08,1,BEVERAGES,2351.0,38
2931394,2931394,2017-07-08,1,BOOKS,0.0,0
2933172,2933172,2017-07-09,1,AUTOMOTIVE,2.0,0
2933173,2933173,2017-07-09,1,BABY CARE,0.0,0
2933174,2933174,2017-07-09,1,BEAUTY,3.0,0
2933175,2933175,2017-07-09,1,BEVERAGES,1181.0,35
2933176,2933176,2017-07-09,1,BOOKS,0.0,0
2934954,2934954,2017-07-10,1,AUTOMOTIVE,3.0,0
2934955,2934955,2017-07-10,1,BABY CARE,0.0,0
2934956,2934956,2017-07-10,1,BEAUTY,3.0,0
2934957,2934957,2017-07-10,1,BEVERAGES,2338.0,38
2934958,2934958,2017-07-10,1,BOOKS,0.0,0
2936736,2936736,2017-07-11,1,AUTOMOTIVE,7.0,0
2936737,2936737,2017-07-11,1,BABY CARE,0.0,0
2936738,2936738,2017-07-11,1,BEAUTY,4.0,0
2936739,2936739,2017-07-11,1,BEVERAGES,2372.0,36
2936740,2936740,2017-07-11,1,BOOKS,1.0,0
2938518,2938518,2017-07-12,1,AUTOMOTIVE,7.0,0
2938519,2938519,2017-07-12,1,BABY CARE,0.0,0
2938520,2938520,2017-07-12,1,BEAUTY,7.0,1
2938521,2938521,2017-07-12,1,BEVERAGES,2460.0,45
2938522,2938522,2017-07-12,1,BOOKS,0.0,0
2940300,2940300,2017-07-13,1,AUTOMOTIVE,9.0,0
2940301,2940301,2017-07-13,1,BABY CARE,0.0,0
2940302,2940302,2017-07-13,1,BEAUTY,5.0,1
2940303,2940303,2017-07-13,1,BEVERAGES,2115.0,34
2940304,2940304,2017-07-13,1,BOOKS,0.0,0
2942082,2942082,2017-07-14,1,AUTOMOTIVE,4.0,0
2942083,2942083,2017-07-14,1,BABY CARE,0.0,0
2942084,2942084,2017-07-14,1,BEAUTY,2.0,0
2942085,2942085,2017-07-14,1,BEVERAGES,2529.0,40
2942086,2942086,2017-07-14,1,BOOKS,2.0,0
2943864,2943864,2017-07-15,1,AUTOMOTIVE,6.0,0
2943865,2943865,2017-07-15,1,BABY CARE,0.0,0
2943866,2943866,2017-07-15,1,BEAUTY,5.0,1
2943867,2943867,2017-07-15,1,BEVERAGES,2183.0,38
2943868,2943868,2017-07-15,1,BOOKS,0.0,0
2945646,2945646,2017-07-16,1,AUTOMOTIVE,2.0,0
2945647,2945647,2017-07-16,1,BABY CARE,0.0,0
2945648,2945648,2017-07-16,1,BEAUTY,2.0,0
2945649,2945649,2017-07-16,1,BEVERAGES,1079.0,34
2945650,2945650,2017-07-16,1,BOOKS,0.0,0
2947428,2947428,2017-07-17,1,AUTOMOTIVE,2.0,0
2947429,2947429,2017-07-17,1,BABY CARE,0.0,0
2947430,2947430,2017-07-17,1,BEAUTY,5.0,0
2947431,2947431,2017-07-17,1,BEVERAGES,2381.0,39
2947432,2947432,2017-07-17,1,BOOKS,1.0,0
2949210,2949210,2017-07-18,1,AUTOMOTIVE,3.0,0
2949211,2949211,2017-07-18,1,BABY CARE,0.0,0
2949212,2949212,2017-07-18,1,BEAUTY,3.0,0
2949213,2949213,2017-07-18,1,BEVERAGES,2589.0,42
2949214,2949214,2017-07-18,1,BOOKS,0.0,0
2950992,2950992,2017-07-19,1,AUTOMOTIVE,7.0,0
2950993,2950993,2017-07-19,1,BABY CARE,0.0,0
2950994,2950994,2017-07-19,1,BEAUTY,3.0,0
2950995,2950995,2017-07-19,1,BEVERAGES,2369.0,34
2950996,2950996,2017-07-19,1,BOOKS,0.0,0
2952774,2952774,2017-07-20,1,AUTOMOTIVE,4.0,0
2952775,2952775,2017-07-20,1,BABY CARE,0.0,0
2952776,2952776,2017-07-20,1,BEAUTY,2.0,0
2952777,2952777,2017-07-20,1,BEVERAGES,2006.0,32
2952778,2952778,2017-07-20,1,BOOKS,0.0,0
2954556,2954556,2017-07-21,1,AUTOMOTIVE,10.0,0
2954557,2954557,2017-07-21,1,BABY CARE,0.0,0
2954558,2954558,2017-07-21,1,BEAUTY,2.0,0
2954559,2954559,2017-07-21,1,BEVERAGES,2859.0,30
2954560,2954560,2017-07-21,1,BOOKS,0.0,0
2956338,2956338,2017-07-22,1,AUTOMOTIVE,8.0,0
2956339,2956339,2017-07-22,1,BABY CARE,0.0,0
2956340,2956340,2017-07-22,1,BEAUTY,2.0,1
2956341,2956341,2017-07-22,1,BEVERAGES,2258.0,22
2956342,2956342,2017-07-22,1,BOOKS,0.0,0
2958120,2958120,2017-07-23,1,AUTOMOTIVE,0.0,0
2958121,2958121,2017-07-23,1,BABY CARE,0.0,0
2958122,2958122,2017-07-23,1,BEAUTY,3.0,1
2958123,2958123,2017-07-23,1,BEVERAGES,1024.0,19
2958124,2958124,2017-07-23,1,BOOKS,0.0,0
2959902,2959902,2017-07-24,1,AUTOMOTIVE,4.0,0
2959903,2959903,2017-07-24,1,BABY CARE,0.0,0
2959904,2959904,2017-07-24,1,BEAUTY,1.0,0
2959905,2959905,2017-07-24,1,BEVERAGES,2158.0,22
2959906,2959906,2017-07-24,1,BOOKS,0.0,0
2961684,2961684,2017-07-25,1,AUTOMOTIVE,10.0,0
2961685,2961685,2017-07-25,1,BABY CARE,0.0,0
2961686,2961686,2017-07-25,1,BEAUTY,7.0,1
2961687,2961687,2017-07-25,1,BEVERAGES,2438.0,23
2961688,2961688,2017-07-25,1,BOOKS,0.0,0
2963466,2963466,2017-07-26,1,AUTOMOTIVE,2.0,0
2963467,2963467,2017-07-26,1,BABY CARE,0.0,0
2963468,2963468,2017-07-26,1,BEAUTY,3.0,0
2963469,2963469,2017-07-26,1,BEVERAGES,2242.0,21
2963470,2963470,2017-07-26,1,BOOKS,0.0,0
2965248,2965248,2017-07-27,1,AUTOMOTIVE,5.0,0
2965249,2965249,2017-07-27,1,BABY CARE,0.0,0
2965250,2965250,2017-07-27,1,BEAUTY,1.0,0
2965251,2965251,2017-07-27,1,BEVERAGES,2002.0,27
2965252,2965252,2017-07-27,1,BOOKS,0.0,0
2967030,2967030,2017-07-28,1,AUTOMOTIVE,7.0,0
2967031,2967031,2017-07-28,1,BABY CARE,0.0,0
2967032,2967032,2017-07-28,1,BEAUTY,2.0,0
2967033,2967033,2017-07-28,1,BEVERAGES,2358.0,26
2967034,2967034,2017-07-28,1,BOOKS,0.0,0
2968812,2968812,2017-07-29,1,AUTOMOTIVE,4.0,0
2968813,2968813,2017-07-29,1,BABY CARE,0.0,0
2968814,2968814,2017-07-29,1,BEAUTY,3.0,0
2968815,2968815,2017-07-29,1,BEVERAGES,2161.0,22
2968816,2968816,2017-07-29,1,BOOKS,0.0,0
2970594,2970594,2017-07-30,1,AUTOMOTIVE,1.0,0
2970595,2970595,2017-07-30,1,BABY CARE,0.0,0
2970596,2970596,2017-07-30,1,BEAUTY,2.0,0
2970597,2970597,2017-07-30,1,BEVERAGES,1212.0,16
2970598,2970598,2017-07-30,1,BOOKS,0.0,0
2972376,2972376,2017-07-31,1,AUTOMOTIVE,8.0,0
2972377,2972377,2017-07-31,1,BABY CARE,0.0,0
2972378,2972378,2017-07-31,1,BEAUTY,3.0,0
2972379,2972379,2017-07-31,1,BEVERAGES,2414.0,24
2972380,2972380,2017-07-31,1,BOOKS,1.0,0
2974158,2974158,2017-08-01,1,AUTOMOTIVE,5.0,0
2974159,2974159,2017-08-01,1,BABY CARE,0.0,0
2974160,2974160,2017-08-01,1,BEAUTY,4.0,0
2974161,2974161,2017-08-01,1,BEVERAGES,2627.0,26
2974162,2974162,2017-08-01,1,BOOKS,0.0,0
2975940,2975940,2017-08-02,1,AUTOMOTIVE,4.0,0
2975941,2975941,2017-08-02,1,BABY CARE,0.0,0
2975942,2975942,2017-08-02,1,BEAUTY,2.0,1
2975943,2975943,2017-08-02,1,BEVERAGES,2645.0,25
2975944,2975944,2017-08-02,1,BOOKS,0.0,0
2977722,2977722,2017-08-03,1,AUTOMOTIVE,3.0,0
2977723,2977723,2017-08-03,1,BABY CARE,0.0,0
2977724,2977724,2017-08-03,1,BEAUTY,5.0,1
2977725,2977725,2017-08-03,1,BEVERAGES,2037.0,7
2977726,2977726,2017-08-03,1,BOOKS,0.0,0
2979504,2979504,2017-08-04,1,AUTOMOTIVE,8.0,0
2979505,2979505,2017-08-04,1,BABY CARE,0.0,0
2979506,2979506,2017-08-04,1,BEAUTY,7.0,1
2979507,2979507,2017-08-04,1,BEVERAGES,2479.0,10
2979508,2979508,2017-08-04,1,BOOKS,0.0,0
2981286,2981286,2017-08-05,1,AUTOMOTIVE,5.0,0
2981287,2981287,2017-08-05,1,BABY CARE,0.0,0
2981288,2981288,2017-08-05,1,BEAUTY,3.0,1
2981289,2981289,2017-08-05,1,BEVERAGES,2093.0,7
2981290,2981290,2017-08-05,1,BOOKS,0.0,0
2983068,2983068,2017-08-06,1,AUTOMOTIVE,6.0,0
2983069,2983069,2017-08-06,1,BABY CARE,0.0,0
2983070,2983070,2017-08-06,1,BEAUTY,2.0,1
2983071,2983071,2017-08-06,1,BEVERAGES,968.0,5
2983072,2983072,2017-08-06,1,BOOKS,0.0,0
2984850,2984850,2017-08-07,1,AUTOMOTIVE,7.0,0
2984851,2984851,2017-08-07,1,BABY CARE,0.0,0
2984852,2984852,2017-08-07,1,BEAUTY,5.0,1
2984853,2984853,2017-08-07,1,BEVERAGES,2086.0,7
2984854,2984854,2017-08-07,1,BOOKS,0.0,0
2986632,2986632,2017-08-08,1,AUTOMOTIVE,4.0,0
2986633,2986633,2017-08-08,1,BABY CARE,0.0,0
2986634,2986634,2017-08-08,1,BEAUTY,2.0,1
2986635,2986635,2017-08-08,1,BEVERAGES,2418.0,7
2986636,2986636,2017-08-08,1,BOOKS,0.0,0
2988414,2988414,2017-08-09,1,AUTOMOTIVE,7.0,0
2988415,2988415,2017-08-09,1,BABY CARE,0.0,0
2988416,2988416,2017-08-09,1,BEAUTY,4.0,1
2988417,2988417,2017-08-09,1,BEVERAGES,2311.0,7
2988418,2988418,2017-08-09,1,BOOKS,0.0,0
2990196,2990196,2017-08-10,1,AUTOMOTIVE,9.0,0
2990197,2990197,2017-08-10,1,BABY CARE,0.0,0
2990198,2990198,2017-08-10,1,BEAUTY,10.0,1
2990199,2990199,2017-08-10,1,BEVERAGES,2377.0,6
2990200,2990200,2017-08-10,1,BOOKS,0.0,0
2991978,2991978,2017-08-11,1,AUTOMOTIVE,1.0,0
2991979,2991979,2017-08-11,1,BABY CARE,0.0,0
2991980,2991980,2017-08-11,1,BEAUTY,1.0,1
2991981,2991981,2017-08-11,1,BEVERAGES,1006.0,3
2991982,2991982,2017-08-11,1,BOOKS,0.0,0
2993760,2993760,2017-08-12,1,AUTOMOTIVE,6.0,0
2993761,2993761,2017-08-12,1,BABY CARE,0.0,0
2993762,2993762,2017-08-12,1,BEAUTY,3.0,1
2993763,2993763,2017-08-12,1,BEVERAGES,1659.0,7
2993764,2993764,2017-08-12,1,BOOKS,0.0,0
2995542,2995542,2017-08-13,1,AUTOMOTIVE,1.0,0
2995543,2995543,2017-08-13,1,BABY CARE,0.0,0
2995544,2995544,2017-08-13,1,BEAUTY,1.0,0
2995545,2995545,2017-08-13,1,BEVERAGES,803.0,5
2995546,2995546,2017-08-13,1,BOOKS,0.0,0
2997324,2997324,2017-08-14,1,AUTOMOTIVE,1.0,0
2997325,2997325,2017-08-14,1,BABY CARE,0.0,0
2997326,2997326,2017-08-14,1,BEAUTY,6.0,1
2997327,2997327,2017-08-14,1,BEVERAGES,2201.0,9
2997328,2997328,2017-08-14,1,BOOKS,0.0,0
2999106,2999106,2017-08-15,1,AUTOMOTIVE,4.0,0
2999107,2999107,2017-08-15,1,BABY CARE,0.0,0
2999108,2999108,2017-08-15,1,BEAUTY,4.0,1
2999109,2999109,2017-08-15,1,BEVERAGES,1942.0,11
2999110,2999110,2017-08-15,1,BOOKS,0.0,0
